Adding 100 Thieves Academy to 100 Thieves Challengers
{'100 Thieves Academy', '100 Thieves Challengers'}
Adding 17 Academy to MachiX
{'MachiX', '17 Academy'}
Adding 2144 Danmu Gaming to DAN Gaming
{'2144 Danmu Gaming', 'DAN Gaming'}
Adding 5 Hydra Esport to Campus Party Sparks
{'5 Hydra Esport', 'Campus Party Sparks'}
Adding 5Fox E-Sports Club to Falkol
{'5Fox E-Sports Club', 'Falkol'}
Adding Absolute (Oceanic Team) to Infernum Gaming
{'Infernum Gaming', 'Absolute', 'Absolute (Oceanic Team)'}
Adding AcFun e-Sports Club to 2144 Gaming
{'2144 Gaming', 'AcFun e-Sports Club'}
Adding Aequilibritas E-Sports to RULE
{'Aequilibritas E-Sports', 'RULE'}
Adding Afro Beast to BUFF
{'BUFF', 'Afro Beast'}
Adding Ahq Fighter to Logitech G Fighter
{'Ahq Fighter', 'ahq Fighter', 'Logitech G Fighter'}
Adding Alliance to Elements
{'Elements', 'Alliance'}
Adding Alpha Esports to Hurricane Gaming
{'Alpha Esports', 'Hurricane Gaming'}
Adding Hurricane Gaming to Dewish Team
{'Alpha Esports', 'Dewish Team', 'Hurricane Gaming'}
Adding Alpha Team to TWOTWOEIGHT
{'TWOTWOEIGHT', 'Alpha Team'}
Adding ANEW Blaze to Zoos Gaming
{'ANEW Blaze', 'Zoos Gaming'}
Adding ANEW Esports to No Org
{'No Org', 'ANEW Esports'}
Adding Anorthosis Famagusta Esports Academy to Anorthosis Famagusta Esports Revolution
{'Anorthosis Famagusta Esports Academy', 'Anorthosis Famagusta Esports Revolution'}
Adding APOLLO GAMING to VietSun Esports
{'VietSun Esports', 'APOLLO GAMING'}
Adding Arctic Dawn Gaming to Optimum Cowboys
{'Optimum Cowboys', 'Arctic Dawn Gaming'}
Adding Arctic Gaming to G2 Arctic
{'G2 Arctic', 'Arctic Gaming'}
Adding Area of Effect Will's Kittens to AOE Esports
{"Area of Effect Will's Kittens", 'AOE Esports', 'Area of Effect Esports'}
Adding AOE Esports to AOE Gold
{"Area of Effect Will's Kittens", 'AOE Gold', 'AOE Esports', 'Area of Effect Esports'}
Adding AOE Gold to AOE Esports
{"Area of Effect Will's Kittens", 'AOE Gold', 'AOE Esports', 'Area of Effect Esports'}
Adding ASUS ROG Army to S2V Esports
{'ASUS ROG Army', 'S2V Esports'}
Adding ASUS ROG ELITE to SAIM SE
{'SAIM SE', 'ASUS ROG ELITE', 'ŠAIM SE'}
Adding Bangkok Titans to MEGA
{'MEGA', 'Bangkok Titans'}
Adding Bis Esports to Erfolg Esports
{'Erfolg Esports', 'Bis Esports'}
Adding BRUTE Academy to BRUTE Talents
{'BRUTE Talents', 'BRUTE Academy'}
Adding Bucks Vipers to Vipers Inc
{'Bucks Vipers', 'Vipers Inc'}
Adding Bursaspor Academy to 5 Ronin Academy
{'5 Ronin Academy', 'Bursaspor Academy'}
Adding Bursaspor Esports to 5 Ronin
{'5 Ronin', 'Bursaspor Esports'}
Adding Cherry Esports to Team X (Vietnamese Team)
{'Cherry Esports', 'Team X (Vietnamese Team)'}
Adding Team X (Vietnamese Team) to Luxury Esports
{'Cherry Esports', 'Team X (Vietnamese Team)', 'Luxury Esports'}
Adding Luxury Esports to Team Whales
{'Cherry Esports', 'Luxury Esports', 'Team Whales', 'Team X (Vietnamese Team)'}
Adding CLG Black to CLG Academy
{'CLG Black', 'CLG Academy'}
Adding CLG Academy to CLG Challengers
{'CLG Black', 'CLG Academy', 'CLG Challengers'}
Adding Cloud9 Academy to Cloud9 Challengers
{'Cloud9 Academy', 'Cloud9 Challengers'}
Adding CLUB Activist to PKMaster
{'CLUB Activist', 'PKMaster'}
Adding Clutch Gaming to Dignitas
{'Clutch Gaming', 'Dignitas'}
Adding Clutch Gaming Academy to Dignitas Academy
{'Dignitas Academy', 'Clutch Gaming Academy'}
Adding Dignitas Academy to Dignitas Challengers
{'Dignitas Challengers', 'Dignitas Academy', 'Clutch Gaming Academy'}
Adding CNJ Esports to Saigon Buffalo
{'Saigon Buffalo', 'CNJ Esports'}
Adding Saigon Buffalo to Vikings Esports (2023 Vietnamese Team)
{'Vikings Esports', 'Saigon Buffalo', 'CNJ Esports', 'Vikings Esports (2023 Vietnamese Team)'}
Adding CompLexity.Black to CompLexity Gaming
{'CompLexity.Black', 'compLexity.Black', 'CompLexity Gaming', 'compLexity Gaming'}
Adding CompLexity.White to CompLexity Gaming
{'compLexity.Black', 'compLexity.White', 'CompLexity.White', 'CompLexity.Black', 'CompLexity Gaming', 'compLexity Gaming'}
Adding ConViction to ConViction Sun
{'ConViction', 'ConViction Sun'}
Adding Cremas Esports to Universitario Esports
{'Cremas Esports', 'Universitario Esports'}
Adding Crew e-Sports Club to YouthCrew Esports
{'Crew e-Sports Club', 'YouthCrew Esports'}
Adding Cyberground Gaming to EKO Academy
{'Cyberground Gaming', 'EKO Academy'}
Adding DarlingYou to Never Give Up
{'Never Give Up', 'DarlingYou'}
Adding Defusekids to LowLandLions
{'Defusekids', 'LowLandLions'}
Adding DeToNator (Southeast Asian Team) to SEA Serpents
{'DeToNator', 'SEA Serpents', 'DeToNator (Southeast Asian Team)'}
Adding Dom Spokojnej Starości to EAS Team ESCA Gaming
{'Dom Spokojnej Starości', 'EAS Team ESCA Gaming'}
Adding Eclypsia to Eclypsia.Solaris
{'Eclypsia.Solaris', 'Eclypsia'}
Adding Energy Pacemaker.YCSM to YouCantStopMe
{'YouCantStopMe', 'Energy Pacemaker.YCSM'}
Adding ESC Ever to Bbq Olivers
{'Bbq Olivers', 'ESC Ever', 'bbq Olivers'}
Adding Bbq Olivers to ESports Connected
{'ESports Connected', 'ESC Ever', 'Bbq Olivers', 'bbq Olivers'}
Adding ESCORT P9 to PIGSPORTS
{'PIGSPORTS', 'ESCORT P9'}
Adding ESCORT P9 Academy to PIRTS
{'PIRTS', 'ESCORT P9 Academy'}
Adding Esports Performance Center to Devils.one
{'devils.one', 'Esports Performance Center', 'Devils.one'}
Adding EStar (Chinese Team) to Ultra Prime
{'Ultra Prime', 'eStar', 'EStar (Chinese Team)'}
Adding EStar Young to Ultra Prime Academy
{'EStar Young', 'eStar Young', 'Ultra Prime Academy'}
Adding Europe Saviors Anonymous to Europe Saviors Omega
{'Europe Saviors Omega', 'Europe Saviors Anonymous'}
Adding Evil Geniuses.NA to Winterfox
{'Evil Geniuses.NA', 'Evil Geniuses', 'Winterfox'}
Adding Evil Geniuses Academy to Evil Geniuses Challengers
{'Evil Geniuses Academy', 'Evil Geniuses Challengers'}
Adding Final Five to Vortex (North American Team)
{'Final Five', 'Vortex (North American Team)', 'Vortex'}
Adding Flamengo Academy to Flamengo Los Grandes Academy
{'Flamengo Los Grandes Academy', 'Flamengo Academy'}
Adding Flamengo Los Grandes Academy to Los Grandes Academy
{'Los Grandes Academy', 'Flamengo Los Grandes Academy', 'Flamengo Academy'}
Adding Flamengo Esports to Flamengo Los Grandes
{'Flamengo Los Grandes', 'Flamengo Esports'}
Adding Flamengo Los Grandes to Los Grandes
{'Flamengo Los Grandes', 'Los Grandes', 'Flamengo Esports'}
Adding Flash Wolves Junior to Flash Husky
{'Flash Wolves Junior', 'Flash Husky'}
Adding FlyQuest Academy to FlyQuest Challengers
{'FlyQuest Challengers', 'FlyQuest Academy'}
Adding Fnatic Academy to Fnatic Rising
{'Fnatic Rising', 'Fnatic Academy'}
Adding Fnatic Rising to Fnatic TQ
{'Fnatic TQ', 'Fnatic Rising', 'Fnatic Academy'}
Adding Fortress Esports to Masonic
{'Masonic', 'Fortress Esports'}
Adding Fram Reykjavík Esports to Tindastóll
{'Fram Reykjavík Esports', 'Tindastóll'}
Adding FXOpen e-Sports to To Be Determined
{'FXOpen e-Sports', 'To Be Determined'}
Adding To Be Determined to Determined Gaming
{'To Be Determined', 'FXOpen e-Sports', 'Determined Gaming'}
Adding Galactic Gamers to Gaming Gaming
{'Galactic Gamers', 'Gaming Gaming'}
Adding Galaxy Racer Esports EU Female to Nigma Galaxy
{'Nigma Galaxy', 'Galaxy Racer Esports EU Female'}
Adding Galaxy Racer Esports MENA Female to Nigma Galaxy MENA
{'Galaxy Racer Esports MENA Female', 'Nigma Galaxy MENA'}
Adding Galaxy Racer Esports MENA Male to Nigma Galaxy Male
{'Galaxy Racer Esports MENA Male', 'Nigma Galaxy Male'}
Adding Gamania Bears to GashBears
{'GashBears', 'Gamania Bears'}
Adding Game Talents to Team WE Academy
{'Game Talents', 'Team WE Academy'}
Adding Gameburg Team to exGameburg Team
{'exGameburg Team', 'Gameburg Team'}
Adding Gamers2 to G2 Esports
{'G2 Esports', 'Gamers2'}
Adding GamersOrigin to Team GO
{'GamersOrigin', 'Team GO'}
Adding GG&amp;Beer to GGEsports
{'GG&amp;Beer', 'GGEsports'}
Adding Ginger Turmeric to Area of Effect Ginger Turmeric
{'Area of Effect Ginger Turmeric', 'Ginger Turmeric'}
Adding Area of Effect Ginger Turmeric to Area of Effect Cows
{'Area of Effect Ginger Turmeric', 'Area of Effect Cows', 'Ginger Turmeric'}
Adding Glorious Gaming to Pertinax Esports
{'Glorious Gaming', 'Pertinax Esports'}
Adding Gödel Gamers to Tiktok Tony Top
{'Tiktok Tony Top', 'Gödel Gamers'}
Adding Godlike Goats to King of Goats
{'King of Goats', 'Godlike Goats'}
Adding Golden Guardians Academy to Golden Guardians Challengers
{'Golden Guardians Challengers', 'Golden Guardians Academy'}
Adding Hall of Fame to Cube Adonis
{'Cube Adonis', 'Hall of Fame'}
Adding Cube Adonis to CERBERUS Esports (Vietnamese Team)
{'Hall of Fame', 'Cube Adonis', 'CERBERUS Esports (Vietnamese Team)', 'CERBERUS Esports'}
Adding Hard Random to Albus NoX Luna
{'Albus NoX Luna', 'Hard Random'}
Adding Hong Kong Esports to Hong Kong Attitude
{'Hong Kong Esports', 'Hong Kong Attitude'}
Adding HWA Gaming Academy to Istanbul Wildcats Academy
{'Istanbul Wildcats Academy', 'HWA Academy', 'HWA Gaming Academy', 'İstanbul Wildcats Academy'}
Adding HWA Gaming to Istanbul Wildcats
{'İstanbul Wildcats', 'HWA Gaming', 'Istanbul Wildcats'}
Adding Hyper Nova to Super Nova Sentinels
{'Super Nova Sentinels', 'Hyper Nova'}
Adding Hyper Youth Gaming to Saint Gaming
{'Hyper Youth Gaming', 'Saint Gaming'}
Adding I Gaming Star to ES Sharks
{'I Gaming Star', 'ES Sharks'}
Adding ES Sharks to Team Dynamics
{'Team Dynamics', 'I Gaming Star', 'ES Sharks'}
Adding Team Dynamics to Nongshim RedForce
{'Team Dynamics', 'I Gaming Star', 'Nongshim RedForce', 'ES Sharks'}
Adding Incredible Miracle to Longzhu Gaming
{'Longzhu Gaming', 'Incredible Miracle'}
Adding Longzhu Gaming to Kingzone DragonX
{'Longzhu Gaming', 'Incredible Miracle', 'Kingzone DragonX'}
Adding Kingzone DragonX to DragonX
{'DragonX', 'Incredible Miracle', 'Kingzone DragonX', 'Longzhu Gaming'}
Adding DragonX to DRX
{'DragonX', 'Incredible Miracle', 'Kingzone DragonX', 'DRX', 'Longzhu Gaming'}
Adding INEA Esports to Indictive Esports
{'Indictive Esports', 'INEA Esports'}
Adding Insidious Gaming KTB to Team KTHXBAI
{'Insidious Gaming KTB', 'Team KTHXBAI'}
Adding Internaziomale to Wina Krzycha
{'Internaziomale', 'Wina Krzycha'}
Adding INTZ Red to RED Canids
{'RED Canids', 'INTZ Red'}
Adding Invictus Gaming Young to Young Glory
{'Invictus Gaming Young', 'Young Glory'}
Adding J Team 2 to Taipei Bravo
{'Taipei Bravo', 'J Team 2'}
Adding KaBuM! IDM UP to Ilha da Macacada Gaming
{'Ilha da Macacada Gaming', 'KaBuM! IDM UP'}
Adding Ilha da Macacada Gaming to Uppercut esports
{'Ilha da Macacada Gaming', 'KaBuM! IDM UP', 'Uppercut esports'}
Adding Kameto Corp to Karmine Corp
{'Karmine Corp', 'Kameto Corp'}
Adding King of Future to Top Esports Challenger
{'King of Future', 'Top Esports Challenger'}
Adding Konix eSport to Super Mighty Guardians
{'Konix eSport', 'Super Mighty Guardians'}
Adding KSV eSports to Gen.G
{'Gen.G', 'KSV eSports'}
Adding Kumiho Esports to Oxygen Kumiho
{'Kumiho Esports', 'Oxygen Kumiho'}
Adding Kx.Happy to Revenger (Chinese Team)
{'Revenger (Chinese Team)', 'Kx.Happy', 'Revenger'}
Adding LMQ to Team Impulse
{'LMQ', 'Team Impulse'}
Adding Lost Draft to Bawk Bawk
{'Lost Draft', 'Bawk Bawk'}
Adding Lotus Exiles to Lotus (North American Team)
{'Lotus (North American Team)', 'Lotus Exiles', 'Lotus'}
Adding Lotus Gaming (European Team) to Method2Madness
{'Lotus Gaming', 'Method2Madness', 'Lotus Gaming (European Team)'}
Adding Lucky Esports to Aqualix Esports.NA
{'Lucky Esports', 'Aqualix Esports', 'Aqualix Esports.NA'}
Adding Lynch Esports to Pcific Lynch
{'Pcific Lynch', 'Lynch Esports'}
Adding Machi Crew to Dream or Reality
{'Dream or Reality', 'Machi Crew'}
Adding MAD Lions E.C. to MAD Lions Madrid
{'MAD Lions E.C.', 'MAD Lions Madrid'}
Adding Maximal to UTM Esports
{'UTM Esports', 'Maximal'}
Adding MiraGe Gaming to DAMWON Gaming
{'MiraGe Gaming', 'DAMWON Gaming'}
Adding DAMWON Gaming to DWG KIA
{'MiraGe Gaming', 'DAMWON Gaming', 'DWG KIA'}
Adding DWG KIA to Dplus KIA
{'DWG KIA', 'Dplus KIA', 'DAMWON Gaming', 'MiraGe Gaming'}
Adding Mirage Sport Électronique to Miracle (North American Team)
{'Mirage Sport Électronique', 'Miracle (North American Team)', 'Miracle'}
Adding Misfits Academy to Misfits Premier
{'Misfits Premier', 'Misfits Academy'}
Adding Monomaniac eSports to Monomaniac Dominatus
{'Monomaniac eSports', 'Monomaniac Dominatus'}
Adding MS Company to Esprit Shōnen
{'Esprit Shōnen', 'MS Company'}
Adding MVP Blue to Samsung Blue
{'MVP Blue', 'Samsung Blue'}
Adding Mysterious Monkeys to Ad hoc gaming
{'ad hoc gaming', 'Mysterious Monkeys', 'Ad hoc gaming'}
Adding NARCIS to H3ARTS
{'H3ARTS', 'NARCIS'}
Adding NASR eSports Jr. to NASR eSports B
{'NASR eSports Jr.', 'NASR eSports B'}
Adding Neronity to Team Nerotec
{'Team Nerotec', 'Neronity'}
Adding Team Nerotec to The Plan
{'Team Nerotec', 'The Plan', 'Neronity'}
Adding New Dynasty to Dynasty
{'Dynasty', 'New Dynasty'}
Adding No Need Orga to NNO Prime
{'NNO Prime', 'No Need Orga'}
Adding Nordavind Talent to 00 Prospects
{'00 Prospects', 'Nordavind Talent'}
Adding NYYRIKKI Blue to NYYRIKKI Academy
{'NYYRIKKI Blue', 'NYYRIKKI Academy'}
Adding NYYRIKKI White to NYYRIKKI
{'NYYRIKKI', 'NYYRIKKI White'}
Adding Obnoxious Gaming to NOX Esports
{'Obnoxious Gaming', 'NOX Esports'}
Adding Omega Gaming to Mirage Alliance
{'Mirage Alliance', 'Omega Gaming'}
Adding OP innogy eSport to E WIE EINFACH E-SPORTS
{'E WIE EINFACH E-SPORTS', 'OP innogy eSport'}
Adding OpTic Gaming to Immortals
{'OpTic Gaming', 'Immortals'}
Adding OpTic Gaming Academy to Immortals Academy
{'Immortals Academy', 'OpTic Gaming Academy'}
Adding Immortals Academy to Immortals Challengers
{'Immortals Academy', 'Immortals Challengers', 'OpTic Gaming Academy'}
Adding Origen to Astralis
{'Origen', 'Astralis'}
Adding Origen BCN to BCN Squad
{'BCN Squad', 'Origen BCN'}
Adding Östersunds FK Esports to FALKN
{'Östersunds FK Esports', 'FALKN'}
Adding PAM eSports to FEN1X eSports
{'PAM eSports', 'FEN1X eSports'}
Adding PCS Taran to Project Conquerors
{'Project Conquerors', 'PCS Taran'}
Adding Pentanet.GG to Antic Esports
{'Pentanet.GG', 'Antic Esports'}
Adding Percent Esports to Burst The Sky Esports
{'Burst The Sky Esports', 'Percent Esports'}
Adding Piast Gliwice Esports to Esports Academy
{'Esports Academy', 'Piast Gliwice Esports'}
Adding Predators Academy to XTEN Mexico
{'XTEN Mexico', 'Predators Academy'}
Adding Prime Clan to SBENU Sonicboom
{'SBENU Sonicboom', 'Prime Clan'}
Adding SBENU Sonicboom to SBENU Korea
{'Prime Clan', 'SBENU Sonicboom', 'SBENU Korea'}
Adding ProGaming Esports to Prodigy Esports
{'Prodigy Esports', 'ProGaming Esports'}
Adding Protecting Guardians to Vigilantes
{'Vigilantes', 'Protecting Guardians'}
Adding Pulsia Esport to Homyno Pulsia Esport
{'Pulsia Esport', 'Homyno Pulsia Esport'}
Adding Purple Haze Gaming to Zoltak Legion
{'Purple Haze Gaming', 'Zoltak Legion'}
Adding Qiao Gu Reapers to Newbee
{'Qiao Gu Reapers', 'Newbee'}
Adding Newbee to Newbee Young
{'Qiao Gu Reapers', 'Newbee Young', 'Newbee'}
Adding Relic Esports to Nash Ξquilibrium
{'Nash Ξquilibrium', 'Relic Esports'}
Adding Renegades: Banditos to Misfits Gaming
{'Misfits Gaming', 'Renegades: Banditos'}
Adding Rift Sloths to SNOOZE Esports
{'Rift Sloths', 'SNOOZE Esports'}
Adding Rising Star Gaming to Rising SuperStar Gaming
{'Rising SuperStar Gaming', 'Rising Star Gaming'}
Adding Rising SuperStar Gaming to GC Busan Rising Star
{'GC Busan Rising Star', 'Rising SuperStar Gaming', 'Rising Star Gaming'}
Adding RMA e-Sports to Brave e-Sports
{'RMA e-Sports', 'Brave e-Sports'}
Adding Brave e-Sports to Remo Brave e-Sports
{'RMA e-Sports', 'Brave e-Sports', 'Remo Brave e-Sports'}
Adding Remo Brave e-Sports to Brave e-Sports
{'Remo Brave e-Sports', 'RMA e-Sports', 'Brave e-Sports'}
Adding Robert Morris University Illinois to Roosevelt University
{'Robert Morris University Illinois', 'Roosevelt University'}
Adding Rogue Esports Club to AGO ROGUE
{'AGO ROGUE', 'Rogue Esports Club'}
Adding Rogue Warriors to Anyone's Legend
{'Rogue Warriors', "Anyone's Legend"}
Adding Rogue Warriors Shark to Anyone's Legend.Young
{"Anyone's Legend.Young", 'Rogue Warriors Shark'}
Adding Royal Bandits to Royal Youth
{'Royal Bandits', 'Royal Youth'}
Adding Santos Dexterity to Dexterity Team
{'Santos Dexterity', 'Dexterity Team'}
Adding Seorabeol Gaming to ESC Shane
{'ESC Shane', 'Seorabeol Gaming'}
Adding SinoDragon Prince to Dominus Esports Young
{'Dominus Esports Young', 'SinoDragon Prince'}
Adding Dominus Esports Young to ThunderTalk Gaming Young
{'Dominus Esports Young', 'SinoDragon Prince', 'ThunderTalk Gaming Young'}
Adding SK Telecom T1 to T1
{'SK Telecom T1', 'T1'}
Adding Snake Esports to LNG Esports
{'LNG Esports', 'Snake Esports'}
Adding Stardust (Korean Team) to APK Prince
{'Stardust (Korean Team)', 'APK Prince', 'Stardust'}
Adding APK Prince to SeolHaeOne Prince
{'Stardust (Korean Team)', 'SeolHaeOne Prince', 'APK Prince', 'Stardust'}
Adding SteelWolves Gaia to Fervent Esports
{'Fervent Esports', 'Steelwolves Gaia', 'SteelWolves Gaia'}
Adding Supay Gaming to Wolf Club Esports
{'Wolf Club Esports', 'Supay Gaming'}
Adding SuperMassive Academy to SuperMassive Blaze Academy
{'SuperMassive Academy', 'SuperMassive Blaze Academy'}
Adding Tainted Minds to TM Gaming
{'TM Gaming', 'Tainted Minds'}
Adding TM Gaming to Tectonic
{'Tectonic', 'TM Gaming', 'Tainted Minds'}
Adding Talon Esports to PSG Talon
{'Talon Esports', 'PSG Talon'}
Adding Tatoo to Young Boss
{'Young Boss', 'Tatoo'}
Adding Team Curse Europe to Team LoLPro
{'Team Curse Europe', 'Team LoLPro'}
Adding Team Dynamics Academy to Nongshim RedForce Academy
{'Nongshim RedForce Academy', 'Team Dynamics Academy'}
Adding Team Echo Zulu to The Agency
{'The Agency', 'Team Echo Zulu'}
Adding Team Liquid Academy to Team Liquid Challengers
{'Team Liquid Challengers', 'Team Liquid Academy'}
Adding Team NomNom to Cloud9
{'Cloud9', 'Team NomNom'}
Adding Team Omniscius H to HNVR Esports
{'HNVR Esports', 'Team Omniscius H'}
Adding HNVR Esports to ROSSMANN Centaurs
{'ROSSMANN Centaurs', 'HNVR Esports', 'Team Omniscius H'}
Adding Team Oplon to Izi Dream
{'Izi Dream', 'Team Oplon', 'IZI Dream'}
Adding Team Plink to Team E Turner
{'Team E Turner', 'Team Plink'}
Adding Team Terrigen to Sinelight
{'Sinelight', 'Team Terrigen'}
Adding Team Vitality Academy to Vitality.Bee
{'Team Vitality Academy', 'Vitality.Bee'}
Adding Team Vulcun to XDG Gaming
{'Team Vulcun', 'XDG Gaming'}
Adding The Kings Academy to The Kings Moon
{'The Kings Academy', 'The Kings Moon'}
Adding Together Esports to H34T Esports
{'H34T Esports', 'Together Esports'}
Adding H34T Esports to Komputronik H34T
{'Komputronik H34T', 'Together Esports', 'H34T Esports'}
Adding ToxicFalcons Oldschool to Aethra Esports Oldschool
{'ToxicFalcons Oldschool', 'Aethra Esports Oldschool'}
Adding Aethra Esports Oldschool to Aethra Esports Strijders
{'ToxicFalcons Oldschool', 'Aethra Esports Strijders', 'Aethra Esports Oldschool'}
Adding TSM Academy to TSM Challengers
{'TSM Academy', 'TSM Challengers'}
Adding TSM Darkness to Elomingle
{'TSM Darkness', 'Elomingle'}
Adding Elomingle to Magnetic
{'Magnetic', 'TSM Darkness', 'Elomingle'}
Adding Magnetic to Team Imagine
{'Team Imagine', 'Elomingle', 'Magnetic', 'TSM Darkness'}
Adding Ultimate Senpai to Predator
{'Predator', 'Ultimate Senpai'}
Adding Universidad Católica Esports to Cruzados Esports
{'Cruzados Esports', 'Universidad Católica Esports'}
Adding Unlockzar to UnlockTan'i
{'Unlockzar', "UnlockTan'i"}
Adding V5 87 to Young Ninjas
{'Young Ninjas', 'V5 87'}
Adding Young Ninjas to Ji Jie Hao
{'Young Ninjas', 'Ji Jie Hao', 'Ji Jie Hao (集结号)', 'V5 87'}
Adding Varona Esports to Keypulse Esports
{'Keypulse Esports', 'Varona Esports'}
Adding Vici Gaming Potential to Rare Atom Period
{'Rare Atom Period', 'Vici Gaming Potential'}
Adding Victory Five to Ninjas in Pyjamas.CN
{'Victory Five', 'Ninjas in Pyjamas.CN', 'Ninjas in Pyjamas'}
Adding Void Gaming to Void Gaming Phenomenon
{'Void Gaming Phenomenon', 'Void Gaming'}
Adding VP Game to LGD Gaming Young Team
{'VP Game', 'LGD Gaming Young Team'}
Adding Wargods to Wargods LLP
{'Wargods La Liga Pilipinas', 'Wargods LLP', 'Wargods'}
Adding XD Prinfor to Prinfor Esports Club
{'XD Prinfor', 'Prinfor Esports Club'}
Adding Young Generation to Phong Vũ Buffalo
{'Young Generation', 'Phong Vũ Buffalo'}
Adding Phong Vũ Buffalo to Dashing Buffalo
{'Dashing Buffalo', 'Young Generation', 'Phong Vũ Buffalo'}
Adding Dashing Buffalo to Saigon Buffalo
{'Dashing Buffalo', 'Young Generation', 'Saigon Buffalo', 'CNJ Esports', 'Phong Vũ Buffalo'}
Adding Saigon Buffalo to Vikings Esports (2023 Vietnamese Team)
{'CNJ Esports', 'Phong Vũ Buffalo', 'Dashing Buffalo', 'Vikings Esports', 'Young Generation', 'Saigon Buffalo', 'Vikings Esports (2023 Vietnamese Team)'}
Adding Zen Aïe Tea Refugees to Adverse
{'Adverse', 'Zen Aïe Tea Refugees'}
Adding Zenigma to Des Moines DMG
{'Zenigma', 'Des Moines DMG'}
Adding ZOTAC United to Saigon Mongaming
{'Saigon Mongaming', 'ZOTAC United'}
Adding HawkshotGG to Epik Gamer
{'EPIK Gamer', 'HawkshotGG', 'Epik Gamer'}
Adding Extreme Dive Gaming to NaJin e-mFire
{'NaJin e-mFire', 'Extreme Dive Gaming'}
Adding NaJin e-mFire to E-mFire
{'NaJin e-mFire', 'e-mFire', 'E-mFire', 'Extreme Dive Gaming'}
Adding E-mFire to Kongdoo Monster
{'NaJin e-mFire', 'E-mFire', 'Extreme Dive Gaming', 'e-mFire', 'Kongdoo Monster'}
Adding HCL Gaming to exHCL Gaming
{'HCL Gaming', 'exHCL Gaming'}
Adding MiG Blaze to Azubu Blaze
{'Azubu Blaze', 'MiG Blaze'}
Adding MiG Frost to Azubu Frost
{'MiG Frost', 'Azubu Frost'}
Adding Canis Lupus Campestris to Noah's Ark
{'Canis Lupus Campestris', "Noah's Ark"}
Adding Saigon Jokers Green to Saigon Fantastic Five
{'Saigon Jokers Green', 'Saigon Fantastic Five'}
Adding Corsair to Ahq eSports Club
{'Ahq eSports Club', 'Corsair', 'ahq eSports Club'}
Adding RoMg to GSG
{'GSG', 'RoMg'}
Adding Hong Kong United to Hong Kong Carries
{'Hong Kong United', 'Hong Kong Carries'}
Adding Chuuper's Troopers to She Said She Was Level 18
{'She Said She Was Level 18', "Chuuper's Troopers"}
Adding She Said She Was Level 18 to The Brunch Club
{'The Brunch Club', 'She Said She Was Level 18', "Chuuper's Troopers"}
Adding Team WE.i-Rocks to Positive Energy
{'Team WE.i-Rocks', 'Positive Energy'}
Adding Absolute Legends.Alpha to Absolute Legends
{'Absolute Legends', 'Absolute Legends.Alpha'}
Adding Absolute Legends to HEET
{'Absolute Legends', 'HEET', 'Absolute Legends.Alpha'}
Adding Azure Gaming to Azure Cats
{'Azure Cats', 'Azure Gaming'}
Adding Team Evolution to eMD ExeCuTioNeR
{'eMD ExeCuTioNeR', 'Team Evolution'}
Adding WhyTrollMe to Cheetahs
{'WhyTrollMe', 'Cheetahs'}
Adding MVP White to MVP Ozone
{'MVP Ozone', 'MVP White'}
Adding MVP Ozone to Samsung Ozone
{'MVP Ozone', 'MVP White', 'Samsung Ozone'}
Adding Team LH to Team Livemore
{'Team LH', 'Team Livemore'}
Adding Uncle Ruckus' Revenge to Sinners Never Sleep
{"Uncle Ruckus' Revenge", 'Sinners Never Sleep'}
Adding Esport4Life to Samurai in Jeans
{'Esport4Life', 'Samurai in Jeans'}
Adding myRevenge Rampage to Rampage
{'myRevenge Rampage', 'Rampage'}
Adding Rampage to PENTAGRAM
{'myRevenge Rampage', 'PENTAGRAM', 'Rampage'}
Adding Emperor of Penguins to Flashdive
{'Flashdive', 'Emperor of Penguins'}
Adding Flashdive to MiTH Flashdive
{'MiTH Flashdive', 'Flashdive', 'Emperor of Penguins'}
Adding Good Game University to Team Coast
{'Team Coast', 'Good Game University'}
Adding KT Rolster A to KT Rolster Arrows
{'KT Rolster A', 'KT Rolster Arrows'}
Adding KT Rolster B to KT Rolster Bullets
{'KT Rolster Bullets', 'KT Rolster B'}
Adding NaJin Shield to NaJin White Shield
{'NaJin White Shield', 'NaJin Shield'}
Adding NaJin Sword to NaJin Black Sword
{'NaJin Sword', 'NaJin Black Sword'}
Adding GOL to Team Alienware
{'GOL', 'Team Alienware'}
Adding Team Alienware to Alienware Andromeda
{'Alienware Andromeda', 'GOL', 'Team Alienware'}
Adding Alienware Andromeda to Alienware Arena
{'Alienware Andromeda', 'GOL', 'Alienware Arena', 'Team Alienware'}
Adding Vortex (Korean Team) to Monster Gaming
{'Vortex (Korean Team)', 'Monster Gaming'}
Adding yoe IRONMEN to yoe Flash Wolves
{'yoe IRONMEN', 'yoe Flash Wolves'}
Adding yoe Flash Wolves to Flash Wolves
{'Flash Wolves', 'yoe IRONMEN', 'yoe Flash Wolves'}
Adding Insidious Gaming Outlaw to Insidious Gaming Rebirth
{'Insidious Gaming Outlaw', 'Insidious Gaming Rebirth'}
Adding HopeInFinite to Seagate Hope
{'Seagate Hope', 'HopeInFinite'}
Adding Team Ozone Xenon to eXtreme Divide Ozone
{'eXtreme Divide Ozone', 'Team Ozone Xenon'}
Adding eXtreme Divide Ozone to eMD e-Sport Team
{'eXtreme Divide Ozone', 'eMD e-Sport Team', 'Team Ozone Xenon'}
Adding Alienware Rangers to Alienware TOP
{'Alienware TOP', 'Alienware Rangers'}
Adding SK Telecom T1 1 to SK Telecom T1 S
{'SK Telecom T1 1', 'SK Telecom T1 S'}
Adding SK Telecom T1 2 to SK Telecom T1 K
{'SK Telecom T1 2', 'SK Telecom T1 K'}
Adding PeachServer Allstars to Rascal Jester
{'PeachServer Allstars', 'Rascal Jester'}
Adding FrenzyX to DetonatioN RabbitFive
{'FrenzyX', 'DetonatioN RabbitFive'}
Adding DetonatioN RabbitFive to RabbitFive
{'RabbitFive', 'FrenzyX', 'DetonatioN RabbitFive'}
Adding RabbitFive to 7th heaven
{'RabbitFive', 'FrenzyX', '7th heaven', 'DetonatioN RabbitFive'}
Adding 7th heaven to Smash It Down
{'FrenzyX', 'RabbitFive', 'Smash It Down', '7th heaven', 'DetonatioN RabbitFive'}
Adding Cutie Monsters to Team Ozone Cutie Monsters
{'Cutie Monsters', 'Team Ozone Cutie Monsters'}
Adding Keyd Team to Keyd Stars
{'Keyd Team', 'Keyd Stars'}
Adding Keyd Stars to Vivo Keyd
{'Keyd Team', 'Keyd Stars', 'Vivo Keyd'}
Adding Hanoi PulseFire to SkyRed
{'SkyRed', 'Hanoi PulseFire'}
Adding HoL Thunder Galaxy to Danang Elements HoL
{'HoL Thunder Galaxy', 'Danang Elements HoL'}
Adding Pineapple Express to PEX Team
{'PEX Team', 'Pineapple Express'}
Adding Energy Pacemaker.HK to Energy Pacemaker
{'Energy Pacemaker.HK', 'Energy Pacemaker'}
Adding Energy Pacemaker.The One to Energy Pacemaker.Carries
{'Energy Pacemaker.Carries', 'Energy Pacemaker.The One'}
Adding MeLT to Team No Limit
{'Team No Limit', 'MeLT'}
Adding Death Faction Multigaming to Wonder Stag e-Sports
{'Death Faction Multigaming', 'Wonder Stag e-Sports'}
Adding An Phat Ultimate to Ultimate
{'Ultimate', 'An Phat Ultimate'}
Adding Exodus Gaming to Chiefs Esports Club
{'Chiefs Esports Club', 'Exodus Gaming'}
Adding Vici Point Gaming to Vici Potential Gaming
{'Vici Potential Gaming', 'Vici Point Gaming'}
Adding Vici Potential Gaming to Unlimited Potential
{'Vici Potential Gaming', 'Unlimited Potential', 'Vici Point Gaming'}
Adding Vici Stand Gaming to Vici Star Gaming
{'Vici Stand Gaming', 'Vici Star Gaming'}
Adding Vici Star Gaming to Vici Gaming
{'Vici Stand Gaming', 'Vici Star Gaming', 'Vici Gaming'}
Adding Vici Gaming to Rare Atom
{'Vici Gaming', 'Vici Stand Gaming', 'Vici Star Gaming', 'Rare Atom'}
Adding KaBuM! e-Sports 2 to KaBuM! Black
{'KaBuM! e-Sports 2', 'KaBuM! Black'}
Adding CGA LEGENDs to Esport Business Development LEGENDs
{'Esport Business Development LEGENDs', 'CGA LEGENDs', 'EBD LEGENDs'}
Adding Team Miracle to Boba Marines
{'Boba Marines', 'Team Miracle'}
Adding Boba Marines to GIGABYTE Marines
{'GIGABYTE Marines', 'Boba Marines', 'Team Miracle'}
Adding GIGABYTE Marines to GAM Esports
{'GIGABYTE Marines', 'Boba Marines', 'Team Miracle', 'GAM Esports'}
Adding Team Legend God to No Game No Life
{'Team Legend God', 'No Game No Life'}
Adding XcN to Jakarta Juggernauts
{'Jakarta Juggernauts', 'XcN'}
Adding Team Acer Nemesis to Acer Green Team
{'Acer Green Team', 'Team Acer Nemesis'}
Adding Oracle Esports Entertainment to Midnight Sun Esports
{'Midnight Sun Esports', 'Oracle Esports Entertainment'}
Adding Gamtee Fenghui to Gamtee
{'Gamtee Fenghui', 'Gamtee'}
Adding EDward Gaming Future to AD Gaming
{'AD Gaming', 'EDward Gaming Future'}
Adding AD Gaming to EDward Esports
{'AD Gaming', 'EDward Esports', 'EDward Gaming Future'}
Adding Mouse Control to MCon esports
{'mCon esports', 'Mouse Control', 'MCon esports'}
Adding MCon esports to mCon esports Rotterdam
{'mCon esports', 'MCon esports', 'mCon esports Rotterdam', 'Mouse Control'}
Adding mCon esports Rotterdam to mCon LG UltraGear
{'mCon esports', 'MCon esports', 'Mouse Control', 'mCon esports Rotterdam', 'mCon LG UltraGear'}
Adding mCon LG UltraGear to MCon esports
{'mCon esports', 'MCon esports', 'Mouse Control', 'mCon esports Rotterdam', 'mCon LG UltraGear'}
Adding HUYA Tigers to GE Tigers
{'HUYA Tigers', 'GE Tigers'}
Adding GE Tigers to KOO Tigers
{'HUYA Tigers', 'GE Tigers', 'KOO Tigers'}
Adding KOO Tigers to Tigers
{'KOO Tigers', 'HUYA Tigers', 'GE Tigers', 'Tigers'}
Adding Tigers to ROX Tigers
{'GE Tigers', 'Tigers', 'ROX Tigers', 'HUYA Tigers', 'KOO Tigers'}
Adding ROX Tigers to Hanwha Life Esports
{'KOO Tigers', 'HUYA Tigers', 'ROX Tigers', 'GE Tigers', 'Tigers', 'Hanwha Life Esports'}
Adding Monster Kittens to Infinity Esports (2015 North American Team)
{'Infinity Esports (2015 North American Team)', 'Monster Kittens', 'Infinity Esports'}
Adding Snake.GV to Snake Honor Esports
{'Snake.GV', 'Snake Honor Esports'}
Adding Team 321 to Team Confound
{'Team 321', 'Team Confound'}
Adding Bencheados de KLG to Bencheados
{'Bencheados de KLG', 'Bencheados'}
Adding Team Amine to Cerberus eSports (North American Team)
{'Team Amine', 'Cerberus eSports (North American Team)', 'Cerberus eSports'}
Adding Team Galaxy to Your Exit
{'Your Exit', 'Team Galaxy'}
Adding Teach me How 2 Dugi to Ex Nihilo
{'Teach me How 2 Dugi', 'Ex Nihilo'}
Adding NKT to Dark Wolves
{'Dark Wolves', 'NKT'}
Adding Rebirth eSports Fate to Rebirth eSports
{'Rebirth eSports', 'Rebirth eSports Fate'}
Adding Misfits (North American Team) to Renegades
{'Renegades', 'Misfits (North American Team)'}
Adding Anarchy to Rebels Anarchy
{'Rebels Anarchy', 'Anarchy'}
Adding Rebels Anarchy to Afreeca Freecs
{'Rebels Anarchy', 'Afreeca Freecs', 'Anarchy'}
Adding Afreeca Freecs to Kwangdong Freecs
{'Kwangdong Freecs', 'Rebels Anarchy', 'Afreeca Freecs', 'Anarchy'}
Adding Krispy Kreme Crew to Imperium
{'Krispy Kreme Crew', 'Imperium'}
Adding PLUS ULTRA to KINGDOM
{'KINGDOM', 'PLUS ULTRA'}
Adding KINGDOM to RPG-KINGDOM
{'RPG-KINGDOM', 'PLUS ULTRA', 'KINGDOM'}
Adding Follow eSports to Splyce
{'Splyce', 'Follow eSports'}
Adding Splyce to MAD Lions
{'MAD Lions', 'Splyce', 'Follow eSports'}
Adding MAD Lions to MAD Lions KOI
{'MAD Lions', 'Splyce', 'Follow eSports', 'MAD Lions KOI'}
Adding POP187 Club to Wan Yoo
{'POP187 Club', 'Wan Yoo'}
Adding Wan Yoo to WYDream
{'POP187 Club', 'Wan Yoo', 'WYDream'}
Adding Team ALTERNATE to ALTERNATE aTTaX
{'Team ALTERNATE', 'ALTERNATE aTTaX'}
Adding YoLMS to Heat Wave
{'YoLMS', 'Heat Wave'}
Adding Heat Wave to EXtreme Gamers
{'YoLMS', 'EXtreme Gamers', 'XGamers', 'Heat Wave'}
Adding Celerius e-Sports to EMonkeyz
{'Celerius e-Sports', 'eMonkeyz', 'EMonkeyz'}
Adding EMonkeyz to eMonkeyz SD Huesca
{'eMonkeyz SD Huesca', 'Celerius e-Sports', 'eMonkeyz', 'EMonkeyz'}
Adding eMonkeyz SD Huesca to EMonkeyz
{'eMonkeyz SD Huesca', 'EMonkeyz', 'eMonkeyz', 'Celerius e-Sports'}
Adding Corvus to Team Rigel
{'Corvus', 'Team Rigel'}
Adding Druken Bear to A Little Bear
{'A Little Bear', 'Druken Bear'}
Adding Royal Academy to ZAGA Talent Gaming
{'ZAGA Talent Gaming', 'Royal Academy'}
Adding the monkeys to Destined For Glory
{'the monkeys', 'Destined For Glory'}
Adding NA Players to Arsenal
{'Arsenal', 'NA Players'}
Adding Lions EK to Oslo Lions
{'Lions EK', 'Oslo Lions'}
Adding Abyss Esports Red to Abyss Esports
{'Abyss Esports', 'Abyss Esports Red'}
Adding Abyss Esports to Bombers
{'Abyss Esports', 'Abyss Esports Red', 'Bombers'}
Adding Giants Underdoges to Giants Only The Brave
{'Giants Only The Brave', 'Giants Underdoges'}
Adding Giants Only The Brave to Giants Gaming Spain
{'Giants Gaming Spain', 'Giants Only The Brave', 'Giants Underdoges'}
Adding Giants Gaming Spain to Vodafone Giants.Spain
{'Vodafone Giants.Spain', 'Giants Gaming Spain', 'Giants Only The Brave', 'Giants Underdoges'}
Adding Vodafone Giants.Spain to Giants (Spanish Team)
{'Vodafone Giants.Spain', 'Giants Gaming Spain', 'Giants', 'Giants (Spanish Team)', 'Giants Only The Brave', 'Giants Underdoges'}
Adding Havoks Gaming to Just Toys Havoks
{'Just Toys Havoks', 'Havoks Gaming'}
Adding Baskonia eSports to ThunderX3 Baskonia
{'Baskonia eSports', 'ThunderX3 Baskonia'}
Adding Exceltec E-Sports to Exceltec Predators
{'Exceltec Predators', 'Exceltec E-Sports'}
Adding Exceltec Predators to Predators Esports
{'Exceltec Predators', 'Predators Esports', 'Exceltec E-Sports'}
Adding Predators Esports to XTEN Esports
{'XTEN Esports', 'Predators Esports', 'Exceltec Predators', 'Exceltec E-Sports'}
Adding Dead Pixels to imProve
{'imProve', 'Dead Pixels'}
Adding XeRo Empire to Team Regicide
{'XeRo Empire', 'Team Regicide'}
Adding The Penguins Mafia to The G-Lab Penguins
{'The G-Lab Penguins', 'The Penguins Mafia'}
Adding The G-Lab Penguins to Penguins
{'The G-Lab Penguins', 'Penguins', 'The Penguins Mafia'}
Adding Penguins to UCAM Penguins
{'UCAM Penguins', 'The G-Lab Penguins', 'Penguins', 'The Penguins Mafia'}
Adding UCAM Penguins to UCAM Esports Club
{'The G-Lab Penguins', 'UCAM Esports Club', 'UCAM Penguins', 'Penguins', 'The Penguins Mafia'}
Adding UCAM Esports Club to UCAM Tokiers
{'UCAM Tokiers', 'UCAM Esports Club', 'UCAM Penguins', 'Penguins', 'The Penguins Mafia', 'The G-Lab Penguins'}
Adding UCAM Tokiers to UCAM Esports
{'UCAM Esports Club', 'The G-Lab Penguins', 'UCAM Esports', 'UCAM Tokiers', 'UCAM Penguins', 'Penguins', 'The Penguins Mafia'}
Adding Breath Meta to Team BattleComics
{'Team BattleComics', 'Breath Meta'}
Adding Team BattleComics to SANDBOX Gaming
{'Team BattleComics', 'Breath Meta', 'SANDBOX Gaming'}
Adding SANDBOX Gaming to Liiv SANDBOX
{'Team BattleComics', 'Liiv SANDBOX', 'SANDBOX Gaming', 'Breath Meta'}
Adding Liiv SANDBOX to FearX
{'Team BattleComics', 'Breath Meta', 'Liiv SANDBOX', 'SANDBOX Gaming', 'FearX'}
Adding Phoenix K-Squad to Phoenix Esports
{'Phoenix Esports', 'Phoenix K-Squad'}
Adding NOT BAD to Griffin (Korean Team)
{'Griffin (Korean Team)', 'Griffin', 'NOT BAD'}
Adding 멋진팀 to BPZ
{'멋진팀', 'BPZ'}
Adding Super Drużyna to Barykada
{'Super Drużyna', 'Barykada'}
Adding Team GameGear to Team MoonZone
{'Team MoonZone', 'Team GameGear'}
Adding Polite and Mature to Wind and Rain
{'Polite and Mature', 'Wind and Rain'}
Adding PWN D1 to U8 Esports
{'U8 Esports', 'PWN D1'}
Adding EDG.Assassinate to Team Fighter
{'EDG.Assassinate', 'Team Fighter'}
Adding Team Fighter to EDward Gaming Youth Team
{'EDG.Assassinate', 'Team Fighter', 'EDG Youth Team', 'EDward Gaming Youth Team'}
Adding EDG.Revengers to Team Hurricane
{'EDG.Revengers', 'Team Hurricane'}
Adding Avant Garde to Avant Gaming
{'Avant Gaming', 'Avant Garde'}
Adding Team Just Qualifiers to Team Just Ice
{'Team Just Qualifiers', 'Team Just Ice'}
Adding Outplayed Black to Outplayed WAR
{'Outplayed WAR', 'Outplayed Black'}
Adding Outplayed WAR to Outplayed
{'Outplayed Black', 'Outplayed WAR', 'Outplayed'}
Adding Outplayed to ANc Outplayed
{'ANc Outplayed', 'aNc Outplayed', 'Outplayed', 'Outplayed WAR', 'Outplayed Black'}
Adding Dark Wolves (Greek Team) to Outlawz
{'Outlawz', 'Dark Wolves (Greek Team)'}
Adding Red Wolf Gaming to People's Red Wolf Gaming
{'Red Wolf Gaming', "People's Red Wolf Gaming"}
Adding Triumphant Song Gaming Academy to Victory Song Gaming
{'Victory Song Gaming', 'Triumphant Song Gaming Academy'}
Adding K2 SheiNoo to SHEINOO
{'K2 SheiNoo', 'SHEINOO'}
Adding Falcon Gaming to Falcon E-Sports
{'Falcon E-Sports', 'Falcon Gaming'}
Adding New WE to Mighty Eagle
{'New WE', 'Mighty Eagle'}
Adding Mighty Eagle to Team WE Future
{'New WE', 'Team WE Future', 'Mighty Eagle'}
Adding Team WE Future to Mighty Eagle
{'Team WE Future', 'New WE', 'Mighty Eagle'}
Adding SinoDragon Club to SinoDragon Gaming
{'SinoDragon Gaming', 'SinoDragon Club'}
Adding SinoDragon Gaming to Dominus Esports
{'SinoDragon Gaming', 'Dominus Esports', 'SinoDragon Club'}
Adding Dominus Esports to ThunderTalk Gaming
{'ThunderTalk Gaming', 'SinoDragon Gaming', 'Dominus Esports', 'SinoDragon Club'}
Adding AGO Gaming to AGO esports
{'AGO Gaming', 'AGO esports'}
Adding AGO esports to x-kom AGO
{'AGO Gaming', 'x-kom AGO', 'AGO esports'}
Adding x-kom AGO to AGO esports
{'x-kom AGO', 'AGO Gaming', 'AGO esports'}
Adding BX3 EK to Nordavind
{'Nordavind', 'BX3 EK'}
Adding Nordavind to 00 Nation
{'Nordavind', 'BX3 EK', '00 Nation'}
Adding Crest Gaming to Crest Gaming Act
{'Crest Gaming Act', 'Crest Gaming'}
Adding Suning eSports to Suning-S
{'Suning-S', 'Suning eSports'}
Adding Suning-S to Weibo Gaming Youth Team
{'Suning-S', 'Weibo Gaming Youth Team', 'Suning eSports'}
Adding Da Ming Xing to Scorpio Game
{'Da Ming Xing', 'Scorpio Game'}
Adding Forger Asgard to Forger Esports
{'Forger Asgard', 'Forger Esports'}
Adding Snake Two to WuDu
{'WuDu', 'Snake Two'}
Adding WuDu to Snake WuDu
{'Snake WuDu', 'WuDu', 'Snake Two'}
Adding Snake WuDu to LNG Academy
{'Snake WuDu', 'WuDu', 'LNG Academy', 'Snake Two'}
Adding Furca Angels to Team Furca
{'Team Furca', 'Furca Angels'}
Adding Shanghai Esports to Iron Wolves
{'Iron Wolves', 'Shanghai Esports'}
Adding Imantas 5 to Datorpasaule E-Sports
{'Imantas 5', 'Datorpasaule E-Sports'}
Adding ViS Lions' Den to VIS eSports
{'VIS eSports', "ViS Lions' Den"}
Adding Royal Bandits Academy to Royal Youth Academy
{'Royal Bandits Academy', 'Royal Youth Academy'}
Adding Sengoku Gaming Legends to Sengoku Gaming
{'Sengoku Gaming', 'Sengoku Gaming Legends'}
Adding Team Sølvkikkert to Sølvkikkert Esports
{'Team Sølvkikkert', 'Sølvkikkert Esports'}
Adding Sølvkikkert Esports to Ventus Esports
{'Sølvkikkert Esports', 'Team Sølvkikkert', 'Ventus Esports'}
Adding ASUS ROG Academy to S2V Esports Academy
{'S2V Esports Academy', 'ASUS ROG Academy'}
Adding Drabbit to Asura (Korean Team)
{'Drabbit', 'ASURA', 'Asura (Korean Team)'}
Adding PENTA Sports to PENTA 1860
{'PENTA Sports', 'PENTA 1860'}
Adding Glanni Tæpur to Riptide
{'Glanni Tæpur', 'Riptide'}
Adding Kauno Svara to oow to eum
{'oow to eum', 'Kauno Svara'}
Adding oow to eum to ENsure
{'oow to eum', 'ENsure', 'Kauno Svara', 'eNsure'}
Adding Губка Боб to Leviathans
{'Leviathans', 'Губка Боб'}
Adding UFABC Storm to Falkol Storm
{'Falkol Storm', 'UFABC Storm'}
Adding Wszyscy jesteśmy Szczurami to Avia Deceptor
{'Avia Deceptor', 'Wszyscy jesteśmy Szczurami'}
Adding Same Blood Esport to Team WeForge
{'Team WeForge', 'Same Blood Esport'}
Adding Team Frituur to Team Animals
{'Team Frituur', 'Team Animals'}
Adding Avengers to BeomSAMA
{'BeomSAMA', 'Avengers'}
Adding BeomSAMA to Spear Gaming
{'Spear Gaming', 'BeomSAMA', 'Avengers'}
Adding Spear Gaming to Awesome Spear
{'Spear Gaming', 'BeomSAMA', 'Avengers', 'Awesome Spear'}
Adding Awesome Spear to Spear Gaming
{'Spear Gaming', 'BeomSAMA', 'Avengers', 'Awesome Spear'}
Adding Topsports Gaming to Top Esports
{'Top Esports', 'Topsports Gaming'}
Adding Hoon's Doggos Esports to Kings of Uganda
{'Kings of Uganda', "Hoon's Doggos Esports"}
Adding Climax to WIN Esports
{'Climax', 'WIN Esports'}
Adding Old Players (North American Team) to The Expendables
{'Old Players (North American Team)', 'The Expendables'}
Adding Faceless Gaming to Estral E-Sports Colombia
{'Faceless Gaming', 'Estral E-Sports Colombia'}
Adding RLYHOT to AVIXD
{'RLYHOT', 'AVIXD'}
Adding Penguins Academy to UCAM Penguins Academy
{'Penguins Academy', 'UCAM Penguins Academy'}
Adding UCAM Penguins Academy to UCAM Esports Club Academy
{'Penguins Academy', 'UCAM Penguins Academy', 'UCAM Esports Club Academy'}
Adding UCAM Esports Club Academy to UCAM Tokiers Academy
{'Penguins Academy', 'UCAM Penguins Academy', 'UCAM Tokiers Academy', 'UCAM Esports Club Academy'}
Adding UCAM Tokiers Academy to UCAM Esports Academy
{'Penguins Academy', 'UCAM Penguins Academy', 'UCAM Esports Academy', 'UCAM Tokiers Academy', 'UCAM Esports Club Academy'}
Adding Rocalys to MGA Esport
{'MGA Esport', 'Rocalys'}
Adding MGA Esport to MTP Esport
{'MGA Esport', 'Rocalys', 'MTP Esport'}
Adding Elkara Miltonia to Maemuki Team
{'Elkara Miltonia', 'Maemuki Team'}
Adding DV1 Scouting Grounds to Komputronik Gaming Scouting Grounds
{'Komputronik Gaming Scouting Grounds', 'DV1 Scouting Grounds'}
Adding YDN Devils to YDN Gamers
{'YDN Devils', 'YDN Gamers'}
Adding YDN Gamers to YDN Esports
{'YDN Devils', 'YDN Esports', 'YDN Gamers'}
Adding Team-LDLC to LDLC OL
{'Team-LDLC', 'LDLC OL'}
Adding Gamespace eSports to Gamespace Mediterranean College Esports
{'Gamespace Mediterranean College Esports', 'Gamespace eSports'}
Adding Adonis Esports to V Gaming Adonis
{'V Gaming Adonis', 'Adonis Esports'}
Adding V Gaming Adonis to V Gaming
{'V Gaming Adonis', 'Adonis Esports', 'V Gaming'}
Adding Excel UK to BT Excel
{'BT Excel', 'Excel UK'}
Adding BT Excel to JDXL
{'BT Excel', 'Excel UK', 'JDXL', 'JD|XL'}
Adding K1ck eSports Club to K1ck Neosurf
{'K1ck eSports Club', 'K1ck Neosurf'}
Adding K1ck Neosurf to K1CK
{'K1CK', 'K1ck eSports Club', 'K1ck Neosurf'}
Adding SuperMassive Esports to Papara SuperMassive
{'Papara SuperMassive', 'SuperMassive Esports'}
Adding Papara SuperMassive to SuperMassive Blaze
{'Papara SuperMassive', 'SuperMassive Esports', 'SuperMassive Blaze'}
Adding SuperMassive Blaze to Papara SuperMassive
{'Papara SuperMassive', 'SuperMassive Esports', 'SuperMassive Blaze'}
Adding baltic blasters to Leviathans
{'baltic blasters', 'Leviathans', 'Губка Боб'}
Adding TestTeam1234 to Zero Six PowerSpike
{'TestTeam1234', 'Zero Six PowerSpike'}
Adding 4Entertainment to Team META
{'4Entertainment', 'Team META'}
Adding Team META to Unlocked
{'4Entertainment', 'Team META', 'Unlocked'}
Adding Diddi's Angels to Turboapes United
{'Turboapes United', "Diddi's Angels"}
Adding Turboapes United to Excess Success
{"Diddi's Angels", 'Turboapes United', 'Excess Success'}
Adding Dynamic Bloom to Dynamic Elements Aether
{'Dynamic Bloom', 'Dynamic Elements Aether'}
Adding TrainE Esport to Havoc (Danish Team)
{'Havoc (Danish Team)', 'Havoc', 'TrainE Esport'}
Adding Cream Esports Mexico to Cream Real Betis.Mexico
{'Cream Real Betis', 'Cream Real Betis.Mexico', 'Cream Esports Mexico'}
Adding Absolved Denmark to Absolved
{'Absolved', 'Absolved Denmark'}
Adding Neru Esports Club to The Dog King Neru
{'The Dog King Neru', 'Neru Esports Club'}
Adding FURIA Uppercut to FURIA
{'FURIA Uppercut', 'FURIA'}
Adding Son of Conus to ELaB x EXP
{'Son of Conus', 'ELaB x EXP'}
Adding Pompa Team to 7more7 Pompa Team
{'7more7 Pompa Team', 'Pompa Team'}
Adding 7more7 Pompa Team to PDW
{'7more7 Pompa Team', 'Pompa Team', 'PDW'}
Adding DragonX Academy to DRX Academy
{'DRX Academy', 'DragonX Academy'}
Adding Brion Blade to hyFresh Blade
{'hyFresh Blade', 'Brion Blade'}
Adding hyFresh Blade to Fredit BRION
{'hyFresh Blade', 'Fredit BRION', 'Brion Blade'}
Adding Fredit BRION to BRION
{'hyFresh Blade', 'Fredit BRION', 'BRION', 'Brion Blade'}
Adding BRION to OKSavingsBank BRION
{'hyFresh Blade', 'BRION', 'Brion Blade', 'Fredit BRION', 'OKSavingsBank BRION'}
Adding Brion Blade Academy to hyFresh Blade Academy
{'Brion Blade Academy', 'hyFresh Blade Academy'}
Adding hyFresh Blade Academy to Fredit BRION Academy
{'Brion Blade Academy', 'Fredit BRION Academy', 'hyFresh Blade Academy'}
Adding Fredit BRION Academy to BRION Academy
{'Brion Blade Academy', 'Fredit BRION Academy', 'BRION Academy', 'hyFresh Blade Academy'}
Adding BRION Academy to OKSavingsBank BRION Academy
{'BRION Academy', 'hyFresh Blade Academy', 'Brion Blade Academy', 'Fredit BRION Academy', 'OKSavingsBank BRION Academy'}
Adding Energypot Wizards to SuppUp eSports
{'Energypot Wizards', 'SuppUp eSports'}
Adding SuppUp eSports to SAIM SE SuppUp
{'Energypot Wizards', 'ŠAIM SE SuppUp', 'SAIM SE SuppUp', 'SuppUp eSports'}
Adding MTW Rising to MTW St. Pauli
{'MTW St. Pauli', 'MTW Rising'}
Adding Liga del Mal to LDM Esports
{'LDM Esports', 'Liga del Mal'}
Adding Dark Dragons to Interesting Five
{'Interesting Five', 'Dark Dragons'}
Adding Aethra Esports Gold to Aethra Esports Academy
{'Aethra Esports Gold', 'Aethra Esports Academy'}
Adding TobeAnnounced to VITA (Icelandic Team)
{'TobeAnnounced', 'VITA', 'VITA (Icelandic Team)'}
Adding Academy SBTC to SBTC Esports
{'Academy SBTC', 'SBTC Esports'}
Adding SBTC Esports to Ranking Esports
{'Ranking Esports', 'Academy SBTC', 'SBTC Esports'}
Adding Peak Performance Esports to Peak Performance
{'Peak Performance', 'Peak Performance Esports'}
Adding Peak Performance to Peak Performance Y
{'Peak Performance', 'Peak Performance Y', 'Peak Performance Esports'}
Adding Attempting to Reconnect to ATR esports
{'Attempting to Reconnect', 'ATR esports'}
Adding SANDBOX Gaming Academy to Liiv SANDBOX Academy
{'SANDBOX Gaming Academy', 'Liiv SANDBOX Academy'}
Adding Liiv SANDBOX Academy to FearX Academy
{'Liiv SANDBOX Academy', 'SANDBOX Gaming Academy', 'FearX Academy'}
Adding hyFresh Blade Challengers to Fredit BRION Challengers
{'Fredit BRION Challengers', 'hyFresh Blade Challengers'}
Adding Fredit BRION Challengers to BRION Challengers
{'Fredit BRION Challengers', 'hyFresh Blade Challengers', 'BRION Challengers'}
Adding BRION Challengers to OKSavingsBank BRION Challengers
{'Fredit BRION Challengers', 'OKSavingsBank BRION Challengers', 'hyFresh Blade Challengers', 'BRION Challengers'}
Adding 7more7 to 7more7 Pompa Team
{'7more7 Pompa Team', 'Pompa Team', '7more7'}
Adding 7more7 Pompa Team to PDW
{'Pompa Team', '7more7', '7more7 Pompa Team', 'PDW'}
Adding DAMWON Gaming Academy to DWG KIA Academy
{'DWG KIA Academy', 'DAMWON Gaming Academy'}
Adding DWG KIA Academy to Dplus KIA Academy
{'DWG KIA Academy', 'DAMWON Gaming Academy', 'Dplus KIA Academy', 'Dplus KIA  Academy'}
Adding DAMWON Gaming Challengers to DWG KIA Challengers
{'DAMWON Gaming Challengers', 'DWG KIA Challengers'}
Adding DWG KIA Challengers to Dplus KIA Challengers
{'Dplus KIA Challengers', 'DAMWON Gaming Challengers', 'DWG KIA Challengers'}
Adding Hunters Esports to Exilium Hunters
{'Exilium Hunters', 'Hunters Esports'}
Adding Origen SB to Astralis SB
{'Astralis SB', 'Origen SB'}
Adding Resolve Female to Resolve Blue
{'Resolve Blue', 'Resolve Female'}
Adding M'AZING to Team MCES Academy
{'Team MCES Academy', "M'AZING"}
Adding Team ESCA Gaming Academy to PRIDE ESCA Academy
{'PRIDE ESCA Academy', 'Pride ESCA Academy', 'Team ESCA Gaming Academy'}
Adding Fatigue Team to Over Power Gaming Center
{'Fatigue Team', 'Over Power Gaming Center'}
Adding Écija Gaming Esports to Fonored Hyperion
{'Écija Gaming Esports', 'Fonored Hyperion'}
Adding Nordis Team to Lodis by Illuminar
{'Lodis by Illuminar', 'Nordis Team'}
Adding Lodis by Illuminar to LODIS (Polish Team)
{'Nordis Team', 'Lodis by Illuminar', 'LODIS', 'LODIS (Polish Team)'}
Adding Vorax to Vorax Liberty
{'Vorax', 'Vorax Liberty'}
Adding Vorax Liberty to Liberty
{'Vorax', 'Vorax Liberty', 'Liberty'}
Adding Vorax Academy to Vorax Liberty Academy
{'Vorax Academy', 'Vorax Liberty Academy'}
Adding Vorax Liberty Academy to Liberty Academy
{'Liberty Academy', 'Vorax Academy', 'Vorax Liberty Academy'}
Adding E-Flix eSports to Netshoes Miners
{'Netshoes Miners', 'E-Flix eSports'}
Adding Netshoes Miners to Miners
{'Netshoes Miners', 'Miners', 'E-Flix eSports'}
Adding ECLOT to Dynamo Eclot
{'ECLOT', 'Dynamo Eclot'}
Adding ECLOT Academy to Dynamo Eclot Academy
{'ECLOT Academy', 'Dynamo Eclot Academy'}
Adding Nexus Gaming (Romanian Team) to Nexus KTRL
{'Nexus KTRL', 'Nexus Gaming (Romanian Team)'}
Adding QLASH Egypt to QLASH MENA
{'QLASH MENA', 'QLASH Egypt'}
Adding Protecting Guardians Academy to Vigilantes Academy
{'Protecting Guardians Academy', 'Vigilantes Academy'}
Adding Protecting Guardians Talent to Vigilantes Talent
{'Protecting Guardians Talent', 'Vigilantes Talent'}
Adding mousesports to MOUZ
{'MOUZ', 'mousesports'}
Adding MOUZ to MOUZ NXT
{'MOUZ NXT', 'MOUZ', 'mousesports'}
Adding Shield Esport Female to Klanik Esport Female
{'Klanik Esport Female', 'Shield Esport Female'}
Adding Flayn eSports Stars to Stars (LCF Team)
{'Flayn eSports Stars', 'Stars (LCF Team)', 'Stars'}
Adding Stars (LCF Team) to Grow uP Girls EU
{'Grow uP Girls EU', 'Flayn eSports Stars', 'Stars (LCF Team)', 'Stars'}
Adding Project11 to P11 Esports
{'Project11', 'P11 Esports'}
Adding Afreeca Freecs Academy to Kwangdong Freecs Academy
{'Kwangdong Freecs Academy', 'Afreeca Freecs Academy'}
Adding Afreeca Freecs Challengers to Kwangdong Freecs Challengers
{'Afreeca Freecs Challengers', 'Kwangdong Freecs Challengers'}
Adding Zeta Gaming to ZETA
{'Zeta Gaming', 'ZETA'}
Adding Gamers and Geeks to VSlash GnG
{'Gamers and Geeks', 'VSlash GnG'}
Adding VSlash GnG to GnG Esports
{'GnG Esports', 'VSlash GnG', 'Gamers and Geeks'}
Adding 정글은 격리중 to 정글 격리해제
{'정글 격리해제', '정글은 격리중'}
Adding CosVer Esports Academy to Tactical Esports
{'CosVer Esports Academy', 'Tactical Esports'}
Adding MINDCAT Apex to MINDCAT Esports
{'MINDCAT Apex', 'MINDCAT Esports'}
Adding RATE x Guarp to Guarp Gaming
{'Guarp Gaming', 'RATE x Guarp'}
Adding CosVer Esports to Reven Esports
{'Reven Esports', 'CosVer Esports'}
Adding Dia Libre to Fantasy Gaming
{'Dia Libre', 'Fantasy Gaming'}
Adding GR1ND to TEAM GR1
{'TEAM GR1', 'GR1ND'}
Adding KIT SC to KIT SC SmartWe
{'KIT SC SmartWe', 'KIT SC'}
Adding Netshoes Miners Academy to Miners Academy
{'Miners Academy', 'Netshoes Miners Academy'}
Adding GTZ Bulls to GTZ Esports
{'GTZ Bulls', 'GTZ Esports'}
Adding Yutoru Berserkers to Yutoru
{'Yutoru', 'Yutoru Berserkers'}
Adding Corax Gaming Club to Fly5
{'Fly5', 'Corax Gaming Club'}
Adding Arctic Kings White to Arctic Kings
{'Arctic Kings', 'Arctic Kings White'}
Adding Rainbow7 to Movistar R7
{'Movistar R7', 'Rainbow7'}
Adding ZERØZONE to ZEST (Spanish Team)
{'ZERØZONE', 'ZEST (Spanish Team)'}
Adding ZEST (Spanish Team) to SeQura ZEST
{'ZERØZONE', 'SeQura ZEST', 'ZEST (Spanish Team)', 'seQura ZEST'}
Adding Valiants to Oxygen Valiants
{'Valiants', 'Oxygen Valiants'}
Adding Berlin International Gaming (Female and Non-Binary Team) to Berlin International Gaming Chroma
{'Berlin International Gaming Chroma', 'Berlin International Gaming (Female and Non-Binary Team)'}
Adding Austrian Force eSports to Austrian Force willhaben
{'Austrian Force willhaben', 'Austrian Force eSports'}
Adding Liiv SANDBOX Challengers to Liiv SANDBOX Youth
{'Liiv SANDBOX Youth', 'Liiv SANDBOX Challengers'}
Adding Liiv SANDBOX Youth to FearX Youth
{'FearX Youth', 'Liiv SANDBOX Youth', 'Liiv SANDBOX Challengers'}
Adding Forsaken Academy to Maturalni Forsaken Academy
{'Maturalni Forsaken Academy', 'Forsaken Academy'}
Adding Gen.G Challengers to Gen.G Global Academy
{'Gen.G Challengers', 'Gen.G Global Academy'}
Adding Nongshim RedForce Challengers to Nongshim Esports Academy
{'Nongshim RedForce Challengers', 'Nongshim Esports Academy'}
Adding eScribas Gaming to The Last Monk
{'eScribas Gaming', 'The Last Monk'}
Adding Northern Lights to Aurora (Belgian Team)
{'Northern Lights', 'Aurora', 'Aurora (Belgian Team)'}
Adding DAMWON Game Academy to Dplus Esports Academy
{'Dplus Esports Academy', 'DAMWON Game Academy'}
Adding LHS to LHS Gaming
{'LHS Gaming', 'LHS'}
Adding Shadow LCPMM to Shadow Cool
{'Shadow Cool', 'Shadow LCPMM'}
Adding MYP E-SPORT to MYP ECLUB
{'MYP E-SPORT', 'MYP ECLUB'}
Adding ERN ROAR to RNL ROAR
{'RNL ROAR', 'ERN ROAR'}
Adding RNL ROAR to Spinebusters E-Sport
{'Spinebusters E-Sport', 'RNL ROAR', 'ERN ROAR'}
Adding Malvinas Gaming to Malvinas Rise
{'Malvinas Rise', 'Malvinas Gaming'}
Adding Descuydado Esports to Descuydado Aucas Esports
{'Descuydado Esports', 'Descuydado Aucas Esports'}
Adding LEX Esports to Xoldiers
{'LEX Esports', 'Xoldiers'}
Adding Black wolfs to Fullclear Esports
{'Black wolfs', 'Fullclear Esports'}
Adding T1 Challengers to T1 Esports Academy
{'T1 Challengers', 'T1 Esports Academy'}
Adding Domino esports to DMG Esports
{'Domino esports', 'DMG Esports'}
Adding Domino esports Wings to DMG Esports Wings
{'Domino esports Wings', 'DMG Esports Wings'}
Adding EAST SIDE to Duma Easta
{'EAST SIDE', 'Duma Easta'}
Adding Back2TheGame Outlaws to Back2TheGame
{'Back2TheGame Outlaws', 'Back2TheGame'}
Adding Grypciocraft Esports to GRP Esports
{'GRP Esports', 'Grypciocraft Esports'}
Adding Movistar Riders to Movistar KOI
{'Movistar KOI', 'Movistar Riders'}
Adding Vitality French Bees to Vitality Rising Bees
{'Vitality Rising Bees', 'Vitality French Bees'}
Adding MGN Box Esports to MGN Blue Esports
{'MGN Box Esports', 'MGN Blue Esports'}
Adding Oh My Dream to Oh My God Academy
{'Oh My Dream', 'Oh My God Academy'}
Adding eSports Cologne CBS to ESports Cologne GAMERS ONLY
{'ESports Cologne GAMERS ONLY', 'eSports Cologne CBS', 'eSports Cologne GAMERS ONLY'}
